timestamp,open,high,low,close,volume
2026-08-11 20:00:00+00:00,63537.9,63749.9,63537.9,63743.5,4.79275737
2026-08-11 21:00:00+00:00,63741.7,63760.0,63617.6,63684.1,1.01858088
2026-08-11 22:00:00+00:00,63686.1,63759.3,63639.2,63677.3,2.20462592
2026-08-11 23:00:00+00:00,63670.9,63670.9,63569.6,63603.7,1.11908447
2026-08-12 00:00:00+00:00,63603.5,63723.6,63557.0,63723.5,3.35726391
2026-08-12 01:00:00+00:00,63723.6,63849.9,63702.6,63817.3,4.12166596
2026-08-12 02:00:00+00:00,63832.6,63899.9,63734.1,63734.1,2.93575813
2026-08-12 03:00:00+00:00,63734.2,63844.7,63713.4,63797.4,0.67377954
2026-08-12 04:00:00+00:00,63822.7,63854.4,63734.1,63775.2,0.37688659
2026-08-12 05:00:00+00:00,63775.2,63869.3,63736.0,63862.4,0.25459456
2026-08-12 06:00:00+00:00,63845.5,63845.5,63607.5,63697.6,0.51940798
2026-08-12 07:00:00+00:00,63699.7,63822.7,63670.8,63822.7,0.8135075
2026-08-12 08:00:00+00:00,63835.7,63853.2,63789.3,63801.9,0.81934852
2026-08-12 09:00:00+00:00,63789.3,64095.0,63785.1,64087.9,4.94940522
2026-08-12 10:00:00+00:00,64095.0,64199.9,64065.9,64153.0,4.17684242
2026-08-12 11:00:00+00:00,64155.3,64248.4,64103.5,64234.5,1.8469003
2026-08-12 12:00:00+00:00,64239.9,64520.4,63987.3,64113.9,8.18444931
2026-08-12 13:00:00+00:00,64123.7,64158.6,63852.9,63852.9,6.24713938
2026-08-12 14:00:00+00:00,63852.9,63900.0,63385.0,63385.1,11.27980065
2026-08-12 15:00:00+00:00,63385.0,63566.4,63338.6,63434.6,7.9524603
2026-08-12 16:00:00+00:00,63444.7,63569.5,63375.0,63493.6,1.00454044
2026-08-12 17:00:00+00:00,63493.6,63537.8,63433.3,63468.3,2.47982655
2026-08-12 18:00:00+00:00,63485.5,63527.3,63380.9,63380.9,2.31243162
2026-08-12 19:00:00+00:00,63399.5,63443.0,63325.4,63421.7,1.84654955
2026-08-12 20:00:00+00:00,63431.0,63569.6,63431.0,63569.6,0.67105281
2026-08-12 21:00:00+00:00,63584.6,63640.3,63449.3,63469.0,2.22111769
2026-08-12 22:00:00+00:00,63458.4,63534.7,63381.2,63426.0,3.01474959
2026-08-12 23:00:00+00:00,63416.2,63478.6,63402.0,63471.1,1.37719017
2026-08-13 00:00:00+00:00,63480.5,63696.2,63476.8,63575.1,3.82106602
2026-08-13 01:00:00+00:00,63548.8,63601.1,63400.0,63477.0,1.9352644
2026-08-13 02:00:00+00:00,63476.9,63578.9,63400.0,63547.9,0.75733027
2026-08-13 03:00:00+00:00,63548.3,63676.5,63531.5,63646.3,1.94844337
2026-08-13 04:00:00+00:00,63644.1,63750.0,63592.5,63715.3,0.92137939
2026-08-13 05:00:00+00:00,63702.5,63981.0,63680.5,63892.4,0.72514724
2026-08-13 06:00:00+00:00,63891.1,63917.6,63759.2,63909.8,0.62996329
2026-08-13 07:00:00+00:00,63917.7,63924.0,63850.9,63856.3,0.74754986
2026-08-13 08:00:00+00:00,63863.9,63916.0,63740.1,63740.3,2.92067408
2026-08-13 09:00:00+00:00,63738.7,63759.4,63594.8,63759.4,1.79714645
2026-08-13 10:00:00+00:00,63791.1,63792.2,63611.6,63640.0,1.0734041
2026-08-13 11:00:00+00:00,63640.0,63662.8,63354.9,63469.1,1.90525193
2026-08-13 12:00:00+00:00,63480.4,63709.2,63467.6,63709.2,1.5544263
2026-08-13 13:00:00+00:00,63703.6,63845.7,63580.1,63735.6,1.78511969
2026-08-13 14:00:00+00:00,63734.1,63980.9,63706.0,63866.6,1.02005369
2026-08-13 15:00:00+00:00,63877.3,63926.5,63449.3,63449.3,1.17863871
2026-08-13 16:00:00+00:00,63431.3,63568.0,62858.4,63143.3,11.29420278
2026-08-13 17:00:00+00:00,63158.2,63284.2,63100.0,63148.2,1.94655596
2026-08-13 18:00:00+00:00,63142.8,63350.0,63126.0,63332.1,1.14333387
2026-08-13 19:00:00+00:00,63332.2,63477.4,63298.9,63405.6,4.09798251
2026-08-13 20:00:00+00:00,63412.4,63465.4,63386.4,63401.7,2.33248865
2026-08-13 21:00:00+00:00,63401.7,63500.0,63401.7,63467.7,3.51757187
2026-08-13 22:00:00+00:00,63470.7,63627.1,63470.7,63528.4,0.75605355
2026-08-13 23:00:00+00:00,63533.0,63537.8,63418.2,63466.2,0.62719431
2026-08-14 00:00:00+00:00,63466.2,63548.8,63406.0,63531.5,0.38009052
2026-08-14 01:00:00+00:00,63541.0,63583.3,63472.1,63542.5,1.422661
2026-08-14 02:00:00+00:00,63569.6,63613.8,63496.2,63496.2,0.61603911
2026-08-14 03:00:00+00:00,63481.0,63556.1,63322.7,63322.7,0.70880186
2026-08-14 04:00:00+00:00,63309.5,63459.9,63291.2,63374.5,0.1769005
2026-08-14 05:00:00+00:00,63374.8,63379.7,63308.8,63379.7,0.32823026
2026-08-14 06:00:00+00:00,63379.6,63379.7,62974.6,62975.0,4.35321972
2026-08-14 07:00:00+00:00,62976.5,63117.7,62938.0,62938.0,2.44954149
2026-08-14 08:00:00+00:00,62938.1,62979.7,62736.8,62929.7,23.60860716
2026-08-14 09:00:00+00:00,62930.0,62930.0,62754.3,62795.1,22.10183995
2026-08-14 10:00:00+00:00,62795.0,62922.6,62766.6,62819.6,3.577066
2026-08-14 11:00:00+00:00,62852.4,62929.6,62825.6,62871.3,0.75123551
2026-08-14 12:00:00+00:00,62903.5,62903.5,62747.3,62755.4,1.51285077
2026-08-14 13:00:00+00:00,62748.3,62816.7,62617.2,62656.5,3.10764414
2026-08-14 14:00:00+00:00,62656.5,62789.3,62540.1,62642.0,3.19988705
2026-08-14 15:00:00+00:00,62635.7,63063.2,62613.6,63025.2,11.80886214
2026-08-14 16:00:00+00:00,62984.6,63203.6,62982.3,63133.2,2.81428569
2026-08-14 17:00:00+00:00,63152.5,63245.6,63006.3,63011.2,1.03527513
2026-08-14 18:00:00+00:00,63010.4,63063.2,62911.4,62931.0,1.39222061
2026-08-14 19:00:00+00:00,62916.0,62986.1,62823.2,62941.5,2.0820011
2026-08-14 20:00:00+00:00,62968.3,63010.2,62905.3,62906.6,2.66185787
2026-08-14 21:00:00+00:00,62905.6,62933.5,62863.8,62882.5,1.21015672
2026-08-14 22:00:00+00:00,62927.1,62943.1,62790.4,62874.0,1.14782011
2026-08-14 23:00:00+00:00,62875.9,63049.2,62868.7,63022.2,1.07447316
2026-08-15 00:00:00+00:00,63032.8,63037.7,62998.2,63013.3,1.15210144
2026-08-15 01:00:00+00:00,63021.4,63031.6,62988.3,63014.1,0.71284096
2026-08-15 02:00:00+00:00,63031.5,63182.7,63031.5,63135.5,4.59618836
2026-08-15 03:00:00+00:00,63134.1,63176.6,63059.4,63077.9,0.495123
2026-08-15 04:00:00+00:00,63069.4,63150.0,63068.0,63122.1,0.43522841
2026-08-15 05:00:00+00:00,63122.1,63149.9,63043.0,63086.0,1.61319661
2026-08-15 06:00:00+00:00,63081.5,63139.2,63038.0,63126.8,0.20187335
2026-08-15 07:00:00+00:00,63126.8,63126.9,63044.2,63054.8,0.98592747
2026-08-15 08:00:00+00:00,63054.9,63084.2,62929.7,62932.3,1.03318633
2026-08-15 09:00:00+00:00,62940.9,63025.0,62940.9,63025.0,1.2162885
2026-08-15 10:00:00+00:00,63024.9,63031.6,63006.4,63031.6,0.35491437
2026-08-15 11:00:00+00:00,63041.2,63066.6,63001.2,63016.7,1.4978533
2026-08-15 12:00:00+00:00,63022.9,63054.5,62942.1,63053.1,0.73519034
2026-08-15 13:00:00+00:00,63049.5,63084.9,63025.1,63045.6,0.61536085
2026-08-15 14:00:00+00:00,63045.7,63054.0,63000.0,63050.6,1.87645843
2026-08-15 15:00:00+00:00,63049.1,63100.0,63039.4,63099.9,1.00168564
2026-08-15 16:00:00+00:00,63100.0,63101.3,63076.1,63093.7,0.27806685
2026-08-15 17:00:00+00:00,63093.4,63101.4,63076.0,63076.1,0.24896054
2026-08-15 18:00:00+00:00,63076.3,63099.0,63052.7,63059.3,0.81622451
2026-08-15 19:00:00+00:00,63059.5,63125.4,63055.9,63124.5,1.11375172
2026-08-15 20:00:00+00:00,63124.6,63125.3,63066.5,63104.1,1.24808207
2026-08-15 21:00:00+00:00,63103.4,63167.1,63097.5,63153.6,2.46223465
2026-08-15 22:00:00+00:00,63158.7,63172.9,63146.9,63147.0,0.56238416
2026-08-15 23:00:00+00:00,63146.9,63147.0,63100.0,63100.1,0.83685331
2026-08-16 00:00:00+00:00,63100.1,63100.1,63069.7,63085.2,1.41604671
2026-08-16 01:00:00+00:00,63085.5,63096.0,63032.6,63053.1,2.5698915
2026-08-16 02:00:00+00:00,63080.2,63136.9,63025.9,63121.2,0.18412423
2026-08-16 03:00:00+00:00,63122.5,63125.2,63114.9,63115.5,0.0515261
2026-08-16 04:00:00+00:00,63115.6,63158.9,63088.6,63088.7,0.36424692
2026-08-16 05:00:00+00:00,63088.6,63097.5,63050.5,63066.7,0.57431208
2026-08-16 06:00:00+00:00,63062.2,63076.1,63048.8,63064.5,0.56060696
2026-08-16 07:00:00+00:00,63064.4,63066.7,63051.6,63059.7,1.20515667
2026-08-16 08:00:00+00:00,63072.6,63078.4,63057.5,63067.7,0.19614231
2026-08-16 09:00:00+00:00,63071.8,63072.8,62992.1,63001.4,0.54739959
2026-08-16 10:00:00+00:00,63001.4,63017.6,62975.0,63008.5,1.24197309
2026-08-16 11:00:00+00:00,63008.9,63019.8,62988.0,63008.0,0.85669427
2026-08-16 12:00:00+00:00,63008.8,63026.2,63008.7,63010.3,0.3230641
2026-08-16 13:00:00+00:00,63017.5,63076.8,63015.8,63069.4,0.71843168
2026-08-16 14:00:00+00:00,63069.4,63107.8,63059.7,63107.2,2.2678696
2026-08-16 15:00:00+00:00,63103.4,63137.0,63103.4,63136.2,1.00847763
2026-08-16 16:00:00+00:00,63143.8,63379.6,63137.4,63261.1,1.39171194
2026-08-16 17:00:00+00:00,63261.2,63275.5,63137.5,63163.4,2.36296385
2026-08-16 18:00:00+00:00,63166.2,63180.9,63137.5,63138.0,1.02972866
2026-08-16 19:00:00+00:00,63138.2,63221.4,63111.7,63112.4,0.84541931
2026-08-16 20:00:00+00:00,63116.1,63138.7,63037.9,63055.7,1.6428007
2026-08-16 21:00:00+00:00,63066.9,63070.6,62800.0,62961.9,23.01796112
2026-08-16 22:00:00+00:00,62925.3,62926.6,62725.0,62896.7,1.21060619
2026-08-16 23:00:00+00:00,62896.8,62981.0,62850.0,62895.9,1.98678437
2026-08-17 00:00:00+00:00,62909.3,62933.2,62756.3,62900.5,0.80442823
2026-08-17 01:00:00+00:00,62906.9,63221.5,62906.9,63116.9,0.70971602
2026-08-17 02:00:00+00:00,63130.5,63499.9,63041.5,63397.1,2.61108557
2026-08-17 03:00:00+00:00,63401.3,63519.0,63343.2,63481.0,1.1169877
2026-08-17 04:00:00+00:00,63449.4,63569.0,63449.4,63532.0,1.37476994
2026-08-17 05:00:00+00:00,63537.2,63575.3,63443.1,63521.4,7.22949016
2026-08-17 06:00:00+00:00,63520.7,63702.4,63508.0,63652.0,1.07712769
2026-08-17 07:00:00+00:00,63652.1,63652.1,63529.8,63553.3,1.8361411
2026-08-17 08:00:00+00:00,63523.4,63543.9,63352.9,63409.9,2.04346145
2026-08-17 09:00:00+00:00,63406.7,63411.2,63302.6,63327.8,1.09723406
2026-08-17 10:00:00+00:00,63317.2,63694.5,63290.8,63694.5,1.74460384
2026-08-17 11:00:00+00:00,63682.4,63752.9,63594.1,63633.6,18.58416223
2026-08-17 12:00:00+00:00,63631.3,63664.4,63542.8,63572.5,1.25802321
2026-08-17 13:00:00+00:00,63549.2,63788.3,63441.5,63664.4,3.17979774
2026-08-17 14:00:00+00:00,63657.7,63880.9,63593.1,63880.9,2.1706413
2026-08-17 15:00:00+00:00,63880.9,64214.9,63829.7,64186.2,17.6160445
2026-08-17 16:00:00+00:00,64202.5,64216.9,64072.2,64122.8,3.00218326
2026-08-17 17:00:00+00:00,64122.0,64431.4,63980.4,64341.9,6.39774535
2026-08-17 18:00:00+00:00,64341.9,64600.0,64306.4,64419.4,8.25292755
2026-08-17 19:00:00+00:00,64419.2,64419.2,64292.9,64306.1,2.0420484
2026-08-17 20:00:00+00:00,64307.1,64439.8,64269.2,64400.9,7.58210714
2026-08-17 21:00:00+00:00,64400.7,64425.0,64312.2,64395.1,13.01007982
2026-08-17 22:00:00+00:00,64407.0,64439.7,64282.5,64292.9,24.58134975
2026-08-17 23:00:00+00:00,64295.2,64561.6,64287.4,64561.6,2.55890659
2026-08-18 00:00:00+00:00,64555.9,64560.4,64362.5,64381.8,0.83606604
2026-08-18 01:00:00+00:00,64361.2,64371.2,64158.9,64179.0,2.32673701
2026-08-18 02:00:00+00:00,64198.5,64265.7,64050.8,64095.8,2.90069559
2026-08-18 03:00:00+00:00,64095.9,64170.7,64055.8,64170.7,1.12632625
2026-08-18 04:00:00+00:00,64170.7,64229.9,64100.0,64206.3,1.12731536
2026-08-18 05:00:00+00:00,64208.9,64260.2,64148.1,64234.1,5.7234488
2026-08-18 06:00:00+00:00,64223.6,64433.0,64190.4,64319.8,3.88504157
2026-08-18 07:00:00+00:00,64312.8,64347.2,64177.4,64177.5,1.29140565
2026-08-18 08:00:00+00:00,64198.9,64326.9,64113.9,64300.0,3.23159782
2026-08-18 09:00:00+00:00,64285.6,64285.6,64147.3,64177.7,0.85511944
2026-08-18 10:00:00+00:00,64177.7,64221.1,64135.4,64202.0,1.13381029
2026-08-18 11:00:00+00:00,64194.7,64394.9,64194.7,64355.5,1.92809798
2026-08-18 12:00:00+00:00,64351.8,64355.5,64233.1,64233.1,0.85088631
2026-08-18 13:00:00+00:00,64233.0,64265.8,64065.1,64205.0,4.66813973
2026-08-18 14:00:00+00:00,64234.1,65033.6,64234.1,64727.1,10.87254843
2026-08-18 15:00:00+00:00,64746.9,64871.9,64660.6,64867.2,3.50033061
2026-08-18 16:00:00+00:00,64875.0,64875.0,64683.6,64830.2,9.06583679
2026-08-18 17:00:00+00:00,64838.2,64838.2,64683.5,64683.5,1.58072826
2026-08-18 18:00:00+00:00,64671.5,64819.9,64671.3,64765.3,0.54901598
2026-08-18 19:00:00+00:00,64765.3,64783.0,64651.8,64652.0,1.19569349
2026-08-18 20:00:00+00:00,64651.9,64663.8,64587.0,64594.6,2.08968756
2026-08-18 21:00:00+00:00,64593.1,64645.4,64587.1,64599.7,0.55999235
2026-08-18 22:00:00+00:00,64601.0,64645.7,64577.6,64639.4,0.54140271
2026-08-18 23:00:00+00:00,64651.9,64776.7,64651.9,64739.1,3.85366269
2026-08-19 00:00:00+00:00,64733.8,64742.5,64520.2,64520.2,0.42776784
2026-08-19 01:00:00+00:00,64500.1,64544.5,64403.1,64405.1,2.5181076
2026-08-19 02:00:00+00:00,64405.1,64405.8,64356.7,64356.7,0.49566225
2026-08-19 03:00:00+00:00,64356.7,64415.2,64283.4,64340.2,1.49264329
2026-08-19 04:00:00+00:00,64340.3,64387.1,64295.4,64318.2,0.45301671
2026-08-19 05:00:00+00:00,64313.4,64408.9,64256.0,64256.1,1.81278573
2026-08-19 06:00:00+00:00,64256.1,64353.8,64177.2,64336.3,0.92567954
2026-08-19 07:00:00+00:00,64333.4,64392.4,64288.7,64317.9,0.78545445
2026-08-19 08:00:00+00:00,64317.9,64510.1,64272.2,64430.3,2.36631147
2026-08-19 09:00:00+00:00,64430.4,64463.8,64377.2,64422.1,0.1988434
2026-08-19 10:00:00+00:00,64422.2,64424.0,64378.0,64424.0,0.41348825
2026-08-19 11:00:00+00:00,64449.9,64530.9,64446.5,64511.4,1.38993415
2026-08-19 12:00:00+00:00,64511.3,64976.5,64471.1,64848.2,40.36159872
2026-08-19 13:00:00+00:00,64866.2,65200.0,64794.2,65020.7,8.56463442
2026-08-19 14:00:00+00:00,65019.8,65949.9,65019.8,65948.1,11.58123941
2026-08-19 15:00:00+00:00,65931.9,69693.1,65897.7,68575.6,108.40166463
2026-08-19 16:00:00+00:00,68547.8,68950.2,68446.1,68475.4,13.13890781
2026-08-19 17:00:00+00:00,68467.8,68533.0,67843.3,68192.7,7.39020011
2026-08-19 18:00:00+00:00,68206.2,68451.7,68035.9,68374.7,6.62158795
2026-08-19 19:00:00+00:00,68379.8,68487.8,68119.3,68448.6,4.03737772
2026-08-19 20:00:00+00:00,68451.1,69559.0,68418.7,69070.9,21.5106312
2026-08-19 21:00:00+00:00,69067.5,70037.3,69000.8,69699.8,38.07741115
2026-08-19 22:00:00+00:00,69700.0,69845.8,69016.8,69249.0,4.95633182
2026-08-19 23:00:00+00:00,69301.4,69435.4,69196.6,69311.0,1.58829827
2026-08-20 00:00:00+00:00,69338.3,69781.9,69338.3,69428.3,3.83687338
2026-08-20 01:00:00+00:00,69410.1,69887.0,69292.9,69721.1,6.62422059
2026-08-20 02:00:00+00:00,69725.3,69796.8,69284.1,69352.2,4.66481316
2026-08-20 03:00:00+00:00,69304.8,69363.5,68921.7,69184.2,3.62199796
2026-08-20 04:00:00+00:00,69187.1,69572.2,69162.7,69520.9,5.21213271
2026-08-20 05:00:00+00:00,69521.0,69656.8,69369.6,69411.0,3.25208959
2026-08-20 06:00:00+00:00,69411.0,69900.0,69374.8,69852.8,4.9128597
2026-08-20 07:00:00+00:00,69835.4,69856.4,69557.4,69799.9,2.98040042
2026-08-20 08:00:00+00:00,69807.8,71793.0,69807.8,71628.5,40.28824877
2026-08-20 09:00:00+00:00,71622.6,72189.8,71514.7,71796.7,32.78230697
2026-08-20 10:00:00+00:00,71779.9,72467.1,71730.0,71972.8,10.50026397
2026-08-20 11:00:00+00:00,71999.2,72300.0,71844.4,71899.0,6.10928074
2026-08-20 12:00:00+00:00,71916.9,71999.9,71500.5,71957.1,6.77474523
2026-08-20 13:00:00+00:00,71958.2,72082.4,71178.0,71683.9,7.65898868
2026-08-20 14:00:00+00:00,71683.9,71958.7,71377.1,71790.0,5.42129131
2026-08-20 15:00:00+00:00,71799.0,72795.2,71797.4,72478.4,29.18532487
2026-08-20 16:00:00+00:00,72478.4,72884.7,72212.0,72856.9,5.83397191
2026-08-20 17:00:00+00:00,72860.0,72959.5,72580.5,72763.4,6.28701474
2026-08-20 18:00:00+00:00,72756.0,72814.6,72413.9,72450.3,3.57569798
2026-08-20 19:00:00+00:00,72400.5,72750.0,72339.2,72664.5,3.40371383
2026-08-20 20:00:00+00:00,72666.7,73062.3,72597.9,72653.7,9.15014772
2026-08-20 21:00:00+00:00,72654.3,72827.4,72590.2,72741.2,1.17941275
2026-08-20 22:00:00+00:00,72745.5,72859.3,72517.4,72727.3,2.58466236
2026-08-20 23:00:00+00:00,72686.5,73373.0,72686.5,73042.0,8.25633439
2026-08-21 00:00:00+00:00,73042.1,73957.2,73042.1,73707.3,15.81110556
2026-08-21 01:00:00+00:00,73707.2,75758.6,73683.0,75127.6,43.14387967
2026-08-21 02:00:00+00:00,75135.1,75182.2,74390.8,74442.4,22.28294607
2026-08-21 03:00:00+00:00,74431.1,74859.9,74269.2,74563.0,2.73558913
2026-08-21 04:00:00+00:00,74512.5,75038.7,74512.5,75014.9,3.26664673
2026-08-21 05:00:00+00:00,75005.4,75570.9,74961.3,75424.4,74.3223147
2026-08-21 06:00:00+00:00,75449.7,75709.2,75111.5,75634.5,4.98409835
2026-08-21 07:00:00+00:00,75631.4,76947.7,75626.5,76308.8,15.47175802
2026-08-21 08:00:00+00:00,76331.1,79584.6,76311.5,79259.5,25.58308177
2026-08-21 09:00:00+00:00,79281.3,79334.6,77249.0,77904.3,23.34226779
2026-08-21 10:00:00+00:00,77907.0,78226.4,77658.6,77820.1,7.63937553
2026-08-21 11:00:00+00:00,77821.0,77837.0,76392.6,76715.9,12.27296102
2026-08-21 12:00:00+00:00,76744.5,77457.5,76574.3,77186.7,4.41390337
2026-08-21 13:00:00+00:00,77253.9,77658.4,76267.8,77299.7,7.46416342
2026-08-21 14:00:00+00:00,77261.1,77440.3,76589.0,77429.5,15.9930862
2026-08-21 15:00:00+00:00,77417.1,77876.8,77172.5,77172.5,36.95848386
2026-08-21 16:00:00+00:00,77233.6,77515.7,76813.9,77501.0,2.24929616
2026-08-21 17:00:00+00:00,77501.7,77676.5,77196.2,77394.4,2.60834456
2026-08-21 18:00:00+00:00,77398.7,77526.9,76660.0,77035.2,1.93633049
2026-08-21 19:00:00+00:00,77180.9,77370.0,76872.6,77052.7,7.07587093
2026-08-21 20:00:00+00:00,77047.8,77546.1,76872.4,77503.2,4.8651612
2026-08-21 21:00:00+00:00,77498.5,78662.1,77379.9,78468.5,6.50146258
2026-08-21 22:00:00+00:00,78501.8,78752.6,78116.0,78469.6,3.73218278
2026-08-21 23:00:00+00:00,78445.4,78707.2,78152.2,78351.0,6.5373455
2026-08-22 00:00:00+00:00,78338.7,78476.9,77704.8,77893.0,2.7271637
2026-08-22 01:00:00+00:00,77944.6,78217.4,77804.4,77886.9,1.54206593
2026-08-22 02:00:00+00:00,77828.1,78554.6,77811.6,78477.8,3.49389021
2026-08-22 03:00:00+00:00,78464.0,78816.4,78379.0,78416.1,3.32421191
2026-08-22 04:00:00+00:00,78418.5,78805.8,78215.5,78487.4,2.87048306
2026-08-22 05:00:00+00:00,78495.3,78560.2,76465.9,77377.6,10.8567085
2026-08-22 06:00:00+00:00,77384.2,77553.1,77034.7,77495.6,2.62405273
2026-08-22 07:00:00+00:00,77483.6,77642.9,77233.6,77313.2,3.84207396
2026-08-22 08:00:00+00:00,77313.9,77430.7,77064.3,77185.0,1.63777261
2026-08-22 09:00:00+00:00,77185.0,77366.0,76852.1,77039.3,1.92015506
2026-08-22 10:00:00+00:00,76989.5,77180.9,76569.5,77015.7,6.37612343
2026-08-22 11:00:00+00:00,76987.8,77187.0,76828.5,77119.7,2.63396128
2026-08-22 12:00:00+00:00,77130.0,77377.2,77091.6,77299.7,4.91741266
2026-08-22 13:00:00+00:00,77299.8,77349.6,77128.3,77299.7,1.91882294
2026-08-22 14:00:00+00:00,77279.1,77289.7,76950.8,77015.2,1.74009436
2026-08-22 15:00:00+00:00,76998.1,77086.5,76897.1,76992.6,3.47230867
2026-08-22 16:00:00+00:00,76991.3,77541.5,76982.1,77315.8,1.25449831
2026-08-22 17:00:00+00:00,77292.3,77357.1,77120.5,77285.0,0.42963271
2026-08-22 18:00:00+00:00,77279.4,77366.9,77201.4,77264.7,2.32399688
2026-08-22 19:00:00+00:00,77269.2,77469.9,77237.2,77451.7,1.94445016
2026-08-22 20:00:00+00:00,77437.4,77446.4,77281.2,77299.5,2.6118536
2026-08-22 21:00:00+00:00,77256.2,77256.2,76837.6,76903.1,1.4833759
2026-08-22 22:00:00+00:00,76854.9,77185.2,76800.1,76980.1,3.9053417
2026-08-22 23:00:00+00:00,77022.7,77131.3,76925.4,77098.2,0.88122663
2026-08-23 00:00:00+00:00,77084.7,77363.4,77061.5,77303.1,0.57804857
2026-08-23 01:00:00+00:00,77307.2,77407.6,77158.1,77158.1,1.64790831
2026-08-23 02:00:00+00:00,77186.4,77196.7,77041.3,77070.8,2.09443675
2026-08-23 03:00:00+00:00,77105.9,77111.0,76861.2,76933.1,0.73236038
2026-08-23 04:00:00+00:00,76921.4,77014.7,76524.1,76611.8,2.85496541
2026-08-23 05:00:00+00:00,76606.3,76734.7,75595.0,76111.7,9.39576844
2026-08-23 06:00:00+00:00,76055.8,76338.6,75912.5,76041.6,1.3943
2026-08-23 07:00:00+00:00,76061.3,76340.5,75903.7,75903.7,0.22216089
2026-08-23 08:00:00+00:00,75991.4,76642.6,75980.4,76483.9,4.83730906
2026-08-23 09:00:00+00:00,76479.5,76616.4,76471.4,76598.1,2.26595723
2026-08-23 10:00:00+00:00,76554.4,76891.1,76554.4,76800.1,1.09977297
2026-08-23 11:00:00+00:00,76800.0,77367.5,76785.4,77313.2,3.13795475
2026-08-23 12:00:00+00:00,77313.2,77313.3,76987.1,77214.6,3.06866496
2026-08-23 13:00:00+00:00,77212.2,77731.5,77211.4,77474.0,1.10877109
2026-08-23 14:00:00+00:00,77481.4,77600.0,76825.8,77175.1,3.48204769
2026-08-23 15:00:00+00:00,77185.1,77314.3,76957.9,77172.0,11.04794553
2026-08-23 16:00:00+00:00,77172.0,77461.9,77172.0,77432.7,0.52864078
2026-08-23 17:00:00+00:00,77426.9,77426.9,77173.3,77214.0,0.90282433
2026-08-23 18:00:00+00:00,77177.6,77377.3,77112.4,77295.3,0.27270431
2026-08-23 19:00:00+00:00,77317.1,77449.2,77294.4,77351.6,0.57976013
2026-08-23 20:00:00+00:00,77351.7,77430.8,77209.0,77408.7,0.85011611
2026-08-23 21:00:00+00:00,77431.3,78024.2,77431.3,77810.6,6.56233488
2026-08-23 22:00:00+00:00,77830.0,77900.7,77610.2,77610.3,1.36343437
2026-08-23 23:00:00+00:00,77611.3,77799.3,77330.0,77764.3,3.13688298
2026-08-24 00:00:00+00:00,77746.6,77746.6,77180.4,77680.4,2.0413751
2026-08-24 01:00:00+00:00,77686.4,77689.1,76920.9,76920.9,1.07032008
2026-08-24 02:00:00+00:00,76952.8,77530.1,76879.1,77414.5,1.06559437
2026-08-24 03:00:00+00:00,77489.3,77525.6,76962.0,76967.0,2.04060639
2026-08-24 04:00:00+00:00,76994.3,77241.1,76708.9,76811.9,1.02183566
2026-08-24 05:00:00+00:00,76894.5,77226.4,76857.8,77176.9,0.44735475
2026-08-24 06:00:00+00:00,77118.5,77509.0,77077.7,77480.1,0.7733204
2026-08-24 07:00:00+00:00,77479.4,77782.0,77307.7,77307.7,6.04720554
2026-08-24 08:00:00+00:00,77323.2,77385.1,76857.8,77024.9,1.09590916
2026-08-24 09:00:00+00:00,77054.8,77610.1,77054.8,77548.7,1.3684334
2026-08-24 10:00:00+00:00,77560.3,78000.0,77555.0,77631.0,6.08907925
2026-08-24 11:00:00+00:00,77628.1,78595.9,77489.4,78413.9,7.44537962
2026-08-24 12:00:00+00:00,78425.3,79296.5,78012.9,79167.0,6.1232259
2026-08-24 13:00:00+00:00,79155.5,79411.9,77899.4,78599.0,3.24798484
2026-08-24 14:00:00+00:00,78606.8,79804.5,78606.8,79480.2,9.74563894
2026-08-24 15:00:00+00:00,79432.8,79968.0,78856.9,79047.9,12.75424216
2026-08-24 16:00:00+00:00,79086.9,79857.5,78937.4,79053.0,7.84915773
2026-08-24 17:00:00+00:00,79073.6,79191.4,78489.2,78754.6,2.19660318
2026-08-24 18:00:00+00:00,78755.7,79077.5,78755.6,78921.0,9.9765364
2026-08-24 19:00:00+00:00,78932.3,79100.0,78622.9,78761.8,3.55905367
2026-08-24 20:00:00+00:00,78761.8,78989.2,78582.0,78927.0,2.21935306
2026-08-24 21:00:00+00:00,78938.6,79045.9,78898.0,78934.7,3.19718745
2026-08-24 22:00:00+00:00,78915.4,78975.1,78724.9,78744.3,1.30638116
2026-08-24 23:00:00+00:00,78750.4,78992.9,78675.0,78969.3,2.23564669
2026-08-25 00:00:00+00:00,78993.0,79831.5,78745.4,79788.8,8.57478781
2026-08-25 01:00:00+00:00,79732.9,79941.5,79510.1,79815.1,2.00373757
2026-08-25 02:00:00+00:00,79800.0,81251.8,79749.3,80660.7,18.61052982
2026-08-25 03:00:00+00:00,80670.6,80964.8,80318.7,80447.6,1.7382766
2026-08-25 04:00:00+00:00,80495.2,80597.6,80175.4,80373.4,3.51956921
2026-08-25 05:00:00+00:00,80396.0,80803.9,80335.8,80772.4,1.7602714
2026-08-25 06:00:00+00:00,80721.2,80900.0,80419.2,80536.2,2.88398177
2026-08-25 07:00:00+00:00,80536.3,80790.4,79347.6,79746.0,8.13945519
2026-08-25 08:00:00+00:00,79737.5,80217.8,79692.1,79918.1,0.66616418
2026-08-25 09:00:00+00:00,79900.4,79943.7,78917.7,79173.0,3.60971993
2026-08-25 10:00:00+00:00,79188.0,79461.4,79013.3,79360.1,1.79403804
2026-08-25 11:00:00+00:00,79304.3,79412.2,79053.2,79147.3,11.78713773
2026-08-25 12:00:00+00:00,79126.4,79156.9,78676.7,78970.2,2.86517322
2026-08-25 13:00:00+00:00,79009.0,79205.3,78154.8,78559.8,7.76931138
2026-08-25 14:00:00+00:00,78644.0,79375.3,78549.2,79219.1,4.50650357
2026-08-25 15:00:00+00:00,79207.6,79533.7,79054.1,79530.2,2.21591745
2026-08-25 16:00:00+00:00,79532.0,79546.1,79083.5,79134.1,1.63768171
2026-08-25 17:00:00+00:00,79156.6,79257.9,78791.4,79257.9,2.69721823
2026-08-25 18:00:00+00:00,79234.8,79333.7,79049.0,79141.6,8.69221659
2026-08-25 19:00:00+00:00,79135.7,79201.3,78757.7,78923.3,1.73924079
2026-08-25 20:00:00+00:00,78957.3,78976.7,78181.7,78216.5,1.64716076
2026-08-25 21:00:00+00:00,78187.6,78668.1,77850.5,78596.1,3.19190295
2026-08-25 22:00:00+00:00,78572.2,78987.9,78572.2,78923.0,1.18112064
2026-08-25 23:00:00+00:00,78892.3,78969.8,78419.0,78600.5,1.05212725
2026-08-26 00:00:00+00:00,78579.9,78678.6,78336.7,78663.6,2.80087704
2026-08-26 01:00:00+00:00,78641.3,78927.6,78641.3,78814.0,1.15346645
2026-08-26 02:00:00+00:00,78842.8,79215.7,78744.1,79112.8,0.40743465
2026-08-26 03:00:00+00:00,79114.4,79143.8,78977.1,79102.9,2.71159085
2026-08-26 04:00:00+00:00,79035.2,79169.9,78808.2,78838.5,0.81004386
2026-08-26 05:00:00+00:00,78826.4,79111.9,78693.4,79087.9,0.57427966
2026-08-26 06:00:00+00:00,79088.3,79184.7,78840.9,78909.6,0.72813777
2026-08-26 07:00:00+00:00,78950.9,79058.7,78867.8,78961.0,0.83663576
2026-08-26 08:00:00+00:00,78912.2,79120.7,78614.4,78682.2,1.06691706
2026-08-26 09:00:00+00:00,78692.7,78862.7,78256.9,78449.2,0.67325778
2026-08-26 10:00:00+00:00,78441.2,78833.8,78330.1,78731.4,1.4365519
2026-08-26 11:00:00+00:00,78697.7,78766.2,78331.2,78538.7,1.20524632
2026-08-26 12:00:00+00:00,78503.2,78648.4,78000.0,78375.8,3.48911158
2026-08-26 13:00:00+00:00,78341.9,78529.4,77933.1,78454.9,3.08384187
2026-08-26 14:00:00+00:00,78429.4,78614.0,77777.9,77777.9,3.19903429
2026-08-26 15:00:00+00:00,77770.8,78150.0,77641.1,77987.4,8.75737121
2026-08-26 16:00:00+00:00,78024.8,78150.0,77864.3,78042.4,2.41014401
2026-08-26 17:00:00+00:00,77997.8,78585.5,77997.8,78450.2,1.34253715
2026-08-26 18:00:00+00:00,78444.4,78636.8,78301.4,78473.7,2.81514241
2026-08-26 19:00:00+00:00,78498.4,78548.1,78291.3,78458.6,3.38184429
2026-08-26 20:00:00+00:00,78459.1,78508.3,78257.2,78450.9,2.76562909
2026-08-26 21:00:00+00:00,78456.8,78828.5,78395.7,78766.9,2.19962708
2026-08-26 22:00:00+00:00,78801.0,78943.7,78583.9,78694.0,1.51142874
2026-08-26 23:00:00+00:00,78697.5,79152.6,78679.0,79031.4,1.78820509
2026-08-27 00:00:00+00:00,79018.1,79018.1,78697.9,78697.9,0.90592083
2026-08-27 01:00:00+00:00,78701.4,79000.0,78598.0,78911.1,0.71146051
2026-08-27 02:00:00+00:00,78925.4,78948.8,78719.6,78719.6,1.96016994
2026-08-27 03:00:00+00:00,78726.4,78943.8,78645.4,78813.6,0.77359013
2026-08-27 04:00:00+00:00,78843.0,78887.5,78704.1,78705.5,4.1595995
2026-08-27 05:00:00+00:00,78776.4,78900.0,78637.9,78890.6,0.59548236
2026-08-27 06:00:00+00:00,78870.2,78870.2,78664.4,78841.2,2.23220902
2026-08-27 07:00:00+00:00,78796.3,79103.2,78774.9,79103.2,1.46072801
2026-08-27 08:00:00+00:00,79074.3,80027.6,79067.9,79749.1,6.99837517
2026-08-27 09:00:00+00:00,79749.1,80516.1,79707.1,80002.9,8.79468057
2026-08-27 10:00:00+00:00,79969.4,80131.2,79378.8,79594.4,3.76698164
2026-08-27 11:00:00+00:00,79641.2,79782.4,79217.2,79482.3,1.87898578
2026-08-27 12:00:00+00:00,79477.5,79586.6,79265.5,79280.9,5.80228334
2026-08-27 13:00:00+00:00,79284.2,79559.8,78950.1,79518.9,6.21370219
2026-08-27 14:00:00+00:00,79452.1,80384.6,79416.2,80237.6,7.07648995
2026-08-27 15:00:00+00:00,80216.2,80766.9,80117.7,80304.8,7.85177133
2026-08-27 16:00:00+00:00,80335.8,80588.0,80227.1,80403.3,4.30662763
2026-08-27 17:00:00+00:00,80379.3,80809.4,80257.3,80473.2,0.6279479
2026-08-27 18:00:00+00:00,80438.6,80438.6,79800.0,80098.6,5.49082859
2026-08-27 19:00:00+00:00,80164.3,80282.1,79895.1,79901.0,4.24012885
2026-08-27 20:00:00+00:00,79920.2,80090.0,79877.3,80072.4,2.76916062
2026-08-27 21:00:00+00:00,80064.3,80190.2,79968.4,80190.2,1.13309766
2026-08-27 22:00:00+00:00,80190.5,80421.5,80190.5,80308.1,1.91224122
2026-08-27 23:00:00+00:00,80275.2,80359.2,80172.3,80307.7,4.94038819
2026-08-28 00:00:00+00:00,80275.6,80682.4,80167.8,80574.5,2.50622711
2026-08-28 01:00:00+00:00,80604.4,81444.0,80467.8,80513.3,4.87446504
2026-08-28 02:00:00+00:00,80494.4,80494.4,79778.7,79942.1,1.94443718
2026-08-28 03:00:00+00:00,79895.7,80037.9,79774.0,79839.7,2.70561452
2026-08-28 04:00:00+00:00,79814.0,79943.0,79625.5,79661.0,0.75547876
2026-08-28 05:00:00+00:00,79661.2,79849.5,79572.3,79682.3,1.93660705
2026-08-28 06:00:00+00:00,79777.5,79980.0,79777.4,79929.0,0.40739199
2026-08-28 07:00:00+00:00,79904.7,79904.7,79600.0,79651.9,0.93807034
2026-08-28 08:00:00+00:00,79652.0,79829.7,79502.1,79519.7,1.14202361
2026-08-28 09:00:00+00:00,79503.2,79508.6,79269.0,79299.9,2.21716272
2026-08-28 10:00:00+00:00,79295.0,79563.9,79019.7,79561.8,7.97802582
2026-08-28 11:00:00+00:00,79560.7,79750.9,79560.7,79597.6,1.53058754
2026-08-28 12:00:00+00:00,79604.7,79670.1,79315.7,79402.6,1.35665801
2026-08-28 13:00:00+00:00,79399.6,79507.5,79063.1,79377.8,5.25998613
2026-08-28 14:00:00+00:00,79348.5,79657.7,78437.4,79536.8,11.23299581
2026-08-28 15:00:00+00:00,79589.1,79804.1,78315.1,78340.9,7.0769698
2026-08-28 16:00:00+00:00,78386.6,78400.8,76900.1,77836.2,10.06468305
2026-08-28 17:00:00+00:00,77793.1,78094.8,77685.7,77906.0,1.91264323
2026-08-28 18:00:00+00:00,77902.3,77931.2,77279.6,77545.5,2.12614625
2026-08-28 19:00:00+00:00,77567.6,77787.4,77400.0,77560.6,5.9944531
2026-08-28 20:00:00+00:00,77545.7,77617.1,77334.5,77409.9,7.13726048
2026-08-28 21:00:00+00:00,77424.7,77504.5,77300.0,77300.0,0.42713798
2026-08-28 22:00:00+00:00,77325.2,77776.4,77325.2,77761.6,0.9867615
2026-08-28 23:00:00+00:00,77737.9,77807.8,77665.0,77807.8,0.95438891
2026-08-29 00:00:00+00:00,77813.8,77968.0,77745.6,77745.6,3.00923701
2026-08-29 01:00:00+00:00,77745.6,77823.8,77651.8,77771.3,3.13655058
2026-08-29 02:00:00+00:00,77795.5,77825.4,77594.6,77677.6,0.40621796
2026-08-29 03:00:00+00:00,77701.5,77701.5,77500.1,77500.1,0.49788259
2026-08-29 04:00:00+00:00,77500.0,77677.4,77500.0,77653.6,0.57568413
2026-08-29 05:00:00+00:00,77650.8,77717.1,77607.8,77633.9,3.67834997
2026-08-29 06:00:00+00:00,77611.8,77611.8,77401.4,77460.1,0.51941462
2026-08-29 07:00:00+00:00,77474.8,77651.7,77442.6,77625.4,0.71822572
2026-08-29 08:00:00+00:00,77626.6,77626.7,77493.0,77626.7,0.22072213
2026-08-29 09:00:00+00:00,77642.0,77729.6,77612.7,77646.3,4.20353297
2026-08-29 10:00:00+00:00,77648.9,77719.6,77550.5,77628.7,1.24903734
2026-08-29 11:00:00+00:00,77628.1,77733.8,77600.0,77600.0,0.55102557
2026-08-29 12:00:00+00:00,77589.9,77647.0,77506.2,77578.8,0.2146787
2026-08-29 13:00:00+00:00,77599.4,77719.1,77580.3,77706.8,1.11306961
2026-08-29 14:00:00+00:00,77692.8,78116.5,77658.4,78027.4,3.42835904
2026-08-29 15:00:00+00:00,78021.7,78021.7,77826.4,77843.5,2.44692206
2026-08-29 16:00:00+00:00,77853.6,78099.9,77853.5,78029.1,0.5363778
2026-08-29 17:00:00+00:00,78029.1,78092.8,77887.5,78012.4,0.42510492
2026-08-29 18:00:00+00:00,78092.9,78226.7,78042.2,78174.4,2.1761717
2026-08-29 19:00:00+00:00,78174.3,78324.1,78145.0,78168.7,0.51791046
2026-08-29 20:00:00+00:00,78198.5,78277.2,78126.2,78140.2,0.61433427
2026-08-29 21:00:00+00:00,78140.1,78200.9,78068.0,78150.0,1.22637531
2026-08-29 22:00:00+00:00,78164.1,78226.4,78086.7,78226.4,0.20131229
2026-08-29 23:00:00+00:00,78226.4,78265.4,78210.4,78240.2,0.12979157
2026-08-30 00:00:00+00:00,78239.6,78308.6,78173.3,78208.5,0.21208982
2026-08-30 01:00:00+00:00,78186.2,78193.7,78003.4,78077.0,0.3410091
2026-08-30 02:00:00+00:00,78086.7,78170.7,78012.1,78134.0,0.32843835
2026-08-30 03:00:00+00:00,78134.0,78185.6,78069.1,78142.5,0.1507893
2026-08-30 04:00:00+00:00,78143.6,78208.1,78009.3,78073.4,0.27031949
2026-08-30 05:00:00+00:00,78130.6,78219.3,78122.5,78132.3,0.16417775
2026-08-30 06:00:00+00:00,78138.8,78298.9,78132.9,78252.5,0.42395725
2026-08-30 07:00:00+00:00,78286.3,78286.3,78140.0,78140.0,0.23966752
2026-08-30 08:00:00+00:00,78127.6,78178.6,78031.0,78057.8,0.24330906
2026-08-30 09:00:00+00:00,78059.8,78116.1,77951.1,78007.0,3.04879294
2026-08-30 10:00:00+00:00,77994.8,78146.9,77969.1,78146.9,0.74167849
2026-08-30 11:00:00+00:00,78146.8,78228.3,78142.4,78169.7,0.37847239
2026-08-30 12:00:00+00:00,78180.1,78829.7,78175.7,78759.6,4.31306461
2026-08-30 13:00:00+00:00,78803.6,78970.9,78613.2,78888.0,0.6686019
2026-08-30 14:00:00+00:00,78888.0,78929.1,78716.6,78784.7,1.72360815
2026-08-30 15:00:00+00:00,78762.5,78893.3,78660.3,78818.9,1.56627253
2026-08-30 16:00:00+00:00,78842.9,79386.6,78761.9,79317.1,2.39849686
2026-08-30 17:00:00+00:00,79345.5,79345.5,78788.7,79009.4,1.55233857
2026-08-30 18:00:00+00:00,79011.8,79173.5,78783.6,79036.6,0.83192296
2026-08-30 19:00:00+00:00,79028.9,79028.9,78780.7,78852.0,0.60000518
2026-08-30 20:00:00+00:00,78872.6,78908.1,78436.7,78599.7,0.6517391
2026-08-30 21:00:00+00:00,78584.0,78739.3,78264.8,78655.5,1.80817992
2026-08-30 22:00:00+00:00,78655.4,78784.3,78304.5,78427.5,0.95074354
2026-08-30 23:00:00+00:00,78428.7,78428.7,77058.9,77721.8,5.0273676
2026-08-31 00:00:00+00:00,77646.7,78156.3,77464.7,77931.3,2.34419289
2026-08-31 01:00:00+00:00,77927.8,77927.8,77567.6,77623.5,1.5939712
2026-08-31 02:00:00+00:00,77602.1,77980.1,77413.7,77470.5,2.71512929
2026-08-31 03:00:00+00:00,77501.2,77844.8,77427.2,77781.2,1.45075934
2026-08-31 04:00:00+00:00,77759.5,77759.5,77470.1,77602.0,0.90839259
2026-08-31 05:00:00+00:00,77568.0,78131.5,77527.9,78002.9,1.84861574
2026-08-31 06:00:00+00:00,77999.9,78126.5,77875.3,78087.2,1.24725667
2026-08-31 07:00:00+00:00,78045.8,78292.2,78042.6,78222.0,1.25456499
2026-08-31 08:00:00+00:00,78186.3,78485.7,78000.0,78474.1,0.68813887
2026-08-31 09:00:00+00:00,78478.5,78784.2,78395.5,78521.6,2.66927559
2026-08-31 10:00:00+00:00,78532.5,78703.3,78386.6,78703.3,0.9808697
2026-08-31 11:00:00+00:00,78673.7,78673.7,78315.2,78319.7,1.47596056
2026-08-31 12:00:00+00:00,78322.5,78528.7,77738.9,77912.1,6.79036796
2026-08-31 13:00:00+00:00,78024.8,78240.2,77774.3,77830.0,2.49832363
2026-08-31 14:00:00+00:00,77863.0,78654.7,77776.3,78622.1,4.69181901
2026-08-31 15:00:00+00:00,78593.7,78722.8,78251.0,78620.9,8.13698526
2026-08-31 16:00:00+00:00,78599.7,78855.4,78535.4,78720.0,6.87241557
2026-08-31 17:00:00+00:00,78646.6,78990.5,78513.0,78910.5,2.68222962
2026-08-31 18:00:00+00:00,78911.0,79202.8,78814.2,79026.6,5.36390397
2026-08-31 19:00:00+00:00,79028.7,79265.4,78856.6,78940.3,9.35885375
2026-08-31 20:00:00+00:00,78918.2,79106.4,78777.3,78862.1,3.18619184
2026-08-31 21:00:00+00:00,78859.3,79057.5,78739.7,78954.4,1.51709931
2026-08-31 22:00:00+00:00,78934.8,78982.9,78600.0,78600.0,0.978082
2026-08-31 23:00:00+00:00,78600.2,78600.2,78407.6,78576.0,0.83388667
2026-09-01 00:00:00+00:00,78574.0,78889.8,78574.0,78631.1,0.69807067
2026-09-01 01:00:00+00:00,78690.6,78778.3,78400.0,78407.0,0.4114439
2026-09-01 02:00:00+00:00,78400.0,78455.3,78204.0,78455.3,1.11737948
2026-09-01 03:00:00+00:00,78436.9,78861.2,78409.6,78688.3,1.22539051
2026-09-01 04:00:00+00:00,78742.2,78870.1,78653.2,78713.4,3.11879837
2026-09-01 05:00:00+00:00,78746.5,79199.8,78746.5,79156.7,0.7060504
2026-09-01 06:00:00+00:00,79140.4,79140.4,78761.0,78761.0,2.77509786
2026-09-01 07:00:00+00:00,78760.8,78808.1,78501.5,78627.4,0.82621441
2026-09-01 08:00:00+00:00,78665.4,78665.4,77866.6,77925.1,1.92647238
2026-09-01 09:00:00+00:00,77909.4,78037.0,77801.4,77913.6,1.41453331
2026-09-01 10:00:00+00:00,77908.7,78163.8,77796.9,78017.4,0.57558277
2026-09-01 11:00:00+00:00,78005.1,78178.6,77891.5,78079.2,1.4294472
2026-09-01 12:00:00+00:00,78095.7,78157.8,77751.2,78022.1,20.29974442
2026-09-01 13:00:00+00:00,77995.2,78186.0,77494.2,78013.0,5.98764996
2026-09-01 14:00:00+00:00,78101.6,78431.6,78101.6,78161.5,4.30475691
2026-09-01 15:00:00+00:00,78170.2,78170.2,77752.3,77932.7,6.14843317
2026-09-01 16:00:00+00:00,77920.9,77940.5,77333.3,77596.6,4.41447668
2026-09-01 17:00:00+00:00,77608.8,77719.4,77250.3,77269.1,4.11510069
2026-09-01 18:00:00+00:00,77278.7,77322.2,76419.5,77143.7,19.27031557
2026-09-01 19:00:00+00:00,77146.7,77462.7,77121.0,77316.4,3.7118518
2026-09-01 20:00:00+00:00,77322.3,77460.1,77250.4,77458.3,3.07676175
2026-09-01 21:00:00+00:00,77461.9,77500.0,76921.0,77242.9,2.07328043
2026-09-01 22:00:00+00:00,77205.5,77370.3,77068.6,77283.0,1.74509492
2026-09-01 23:00:00+00:00,77239.4,77617.7,77239.4,77435.4,1.87876973
2026-09-02 00:00:00+00:00,77448.6,77476.1,77157.2,77208.3,5.60249285
2026-09-02 01:00:00+00:00,77236.7,77346.5,76730.8,76947.3,3.96640164
2026-09-02 02:00:00+00:00,77015.0,77325.8,76941.2,77295.4,3.01184656
2026-09-02 03:00:00+00:00,77308.8,77777.4,77308.8,77563.7,1.42351218
2026-09-02 04:00:00+00:00,77550.8,77597.7,77306.6,77556.4,1.60212247
2026-09-02 05:00:00+00:00,77562.2,77756.3,77450.2,77645.7,4.09713311
2026-09-02 06:00:00+00:00,77668.8,77723.6,77498.2,77568.4,1.80409639
2026-09-02 07:00:00+00:00,77617.4,77749.5,77489.5,77489.5,1.26336064
2026-09-02 08:00:00+00:00,77503.4,77503.4,76766.6,76849.4,1.95779133
2026-09-02 09:00:00+00:00,76900.9,77032.1,76493.4,76757.6,7.7076567
2026-09-02 10:00:00+00:00,76758.5,76758.5,76275.5,76646.5,3.92600209
2026-09-02 11:00:00+00:00,76691.2,76778.8,76370.7,76762.6,3.64303667
2026-09-02 12:00:00+00:00,76820.0,77046.6,76638.4,76638.4,5.59033681
2026-09-02 13:00:00+00:00,76626.1,77409.0,76626.1,77136.7,2.76567153
2026-09-02 14:00:00+00:00,77153.4,77473.6,77028.1,77067.7,4.35103628
2026-09-02 15:00:00+00:00,77002.2,77390.0,76755.7,77279.1,2.57956748
2026-09-02 16:00:00+00:00,77295.6,77577.5,77196.4,77196.4,1.93532756
2026-09-02 17:00:00+00:00,77205.6,77401.1,76976.1,77394.4,3.12654225
2026-09-02 18:00:00+00:00,77388.7,77516.6,77307.0,77380.1,4.05479411
2026-09-02 19:00:00+00:00,77363.3,77409.4,77133.8,77344.8,31.5341407
2026-09-02 20:00:00+00:00,77362.0,77520.0,77277.3,77406.4,3.44490137
2026-09-02 21:00:00+00:00,77365.7,77435.6,77252.3,77295.5,1.05628893
2026-09-02 22:00:00+00:00,77295.1,77295.1,77020.5,77035.9,0.74500506
2026-09-02 23:00:00+00:00,77027.8,77343.0,77027.8,77343.0,1.64719603
2026-09-03 00:00:00+00:00,77335.2,77379.4,77003.7,77091.7,1.62496673
2026-09-03 01:00:00+00:00,77044.6,77506.7,76972.3,77360.7,3.06740797
2026-09-03 02:00:00+00:00,77329.3,77891.5,77237.6,77808.3,2.27205318
2026-09-03 03:00:00+00:00,77821.4,77865.6,77637.5,77705.5,0.37291584
2026-09-03 04:00:00+00:00,77707.1,77818.5,77547.1,77754.9,1.09967731
2026-09-03 05:00:00+00:00,77781.2,77827.3,77108.2,77802.3,1.06278792
2026-09-03 06:00:00+00:00,77839.0,77839.0,77720.9,77810.3,0.97340267
2026-09-03 07:00:00+00:00,77841.9,78100.0,77609.0,77619.9,3.18345571
2026-09-03 08:00:00+00:00,77708.7,78073.5,77708.7,77849.1,1.58687512
2026-09-03 09:00:00+00:00,77832.7,77950.0,77621.4,77629.3,0.94619465
2026-09-03 10:00:00+00:00,77628.6,77776.2,77482.5,77753.4,1.9013123
2026-09-03 11:00:00+00:00,77743.9,77991.7,77716.5,77966.9,3.06272171
2026-09-03 12:00:00+00:00,77939.8,78795.7,77889.9,78662.1,8.10090169
2026-09-03 13:00:00+00:00,78670.2,78997.0,78458.3,78838.3,3.33237121
2026-09-03 14:00:00+00:00,78840.3,80557.3,78715.7,80555.3,62.27414471
2026-09-03 15:00:00+00:00,80542.5,81351.9,80372.8,81342.0,16.02618471
2026-09-03 16:00:00+00:00,81361.8,81363.8,80642.0,80980.2,22.80607232
2026-09-03 17:00:00+00:00,80965.4,81169.3,80899.7,81030.6,39.90142228
2026-09-03 18:00:00+00:00,81073.3,81333.8,80913.7,81262.7,6.90571439
2026-09-03 19:00:00+00:00,81244.9,81795.7,81185.5,81749.4,14.89043999
2026-09-03 20:00:00+00:00,81767.9,81777.0,81413.8,81467.1,5.87473962
2026-09-03 21:00:00+00:00,81467.2,82279.5,81319.1,81640.5,52.4780437
2026-09-03 22:00:00+00:00,81535.4,81610.6,80912.7,81148.9,18.22277153
2026-09-03 23:00:00+00:00,81161.5,81326.2,81095.4,81269.6,3.18250906
2026-09-04 00:00:00+00:00,81248.0,81417.4,80970.9,80970.9,10.35402755
2026-09-04 01:00:00+00:00,80981.0,81091.4,80775.6,80990.5,1.87575548
2026-09-04 02:00:00+00:00,80946.4,80946.4,80682.3,80814.4,1.03103772
2026-09-04 03:00:00+00:00,80854.3,81069.2,80818.4,80875.0,3.26123636
2026-09-04 04:00:00+00:00,80834.8,81256.5,80820.4,81074.0,1.16560754
2026-09-04 05:00:00+00:00,81050.1,81124.8,80870.9,81013.0,3.36481871
2026-09-04 06:00:00+00:00,80996.3,81072.9,80602.4,80761.3,1.3618481
2026-09-04 07:00:00+00:00,80819.0,80962.6,80650.2,80664.0,5.10265764
2026-09-04 08:00:00+00:00,80689.1,81230.6,80529.0,81151.3,1.37828552
2026-09-04 09:00:00+00:00,81131.3,81281.7,80967.6,81058.2,2.12117457
2026-09-04 10:00:00+00:00,81058.2,81186.7,80842.7,81186.7,14.14563363
2026-09-04 11:00:00+00:00,81164.3,81399.9,81088.5,81213.1,2.92736297
2026-09-04 12:00:00+00:00,81227.2,81343.6,79200.0,79463.2,65.91099999
2026-09-04 13:00:00+00:00,79446.3,79689.5,78985.4,79372.0,24.90338744
2026-09-04 14:00:00+00:00,79355.5,79555.1,78662.3,78954.2,9.24728861
2026-09-04 15:00:00+00:00,78906.6,79543.3,78795.0,79428.1,3.61473203
2026-09-04 16:00:00+00:00,79407.3,79863.6,79384.9,79749.9,2.82165494
2026-09-04 17:00:00+00:00,79764.9,79764.9,79400.0,79502.0,8.29635375
2026-09-04 18:00:00+00:00,79476.0,79654.9,79471.7,79654.9,2.98794889
2026-09-04 19:00:00+00:00,79630.4,79822.6,79630.4,79740.0,28.61697454
2026-09-04 20:00:00+00:00,79790.3,79855.2,79689.5,79708.7,28.5820392
2026-09-04 21:00:00+00:00,79714.0,79823.5,79579.7,79652.2,8.74968653
2026-09-04 22:00:00+00:00,79640.9,79714.9,79631.7,79657.9,2.99195163
2026-09-04 23:00:00+00:00,79641.0,79758.4,79613.1,79646.6,0.61633128
2026-09-05 00:00:00+00:00,79665.4,79721.0,79568.0,79568.0,2.07319826
2026-09-05 01:00:00+00:00,79593.0,79697.1,79548.1,79548.1,0.86063137
2026-09-05 02:00:00+00:00,79533.9,79621.5,79500.0,79573.0,0.70009395
2026-09-05 03:00:00+00:00,79572.2,79637.5,79519.8,79588.1,1.14991978
2026-09-05 04:00:00+00:00,79592.7,79594.6,79508.5,79530.0,0.79263523
2026-09-05 05:00:00+00:00,79512.1,79600.0,79458.1,79579.9,0.81088429
2026-09-05 06:00:00+00:00,79599.9,79719.7,79579.0,79664.0,0.5113469
2026-09-05 07:00:00+00:00,79651.8,79750.0,79651.7,79714.0,0.28659478
2026-09-05 08:00:00+00:00,79702.9,79732.2,79571.7,79656.3,0.30751751
2026-09-05 09:00:00+00:00,79664.6,79733.9,79624.9,79630.5,0.92071558
2026-09-05 10:00:00+00:00,79637.3,79669.6,79598.9,79652.8,0.38036029
2026-09-05 11:00:00+00:00,79621.4,79684.0,79612.3,79621.9,0.91402791
2026-09-05 12:00:00+00:00,79613.9,79763.3,79613.9,79710.9,1.1845434
2026-09-05 13:00:00+00:00,79712.2,79766.7,79542.1,79617.2,12.27366346
2026-09-05 14:00:00+00:00,79620.4,79750.9,79620.4,79746.2,0.84832555
2026-09-05 15:00:00+00:00,79721.5,79817.8,79681.9,79803.8,1.2527003
2026-09-05 16:00:00+00:00,79802.0,80171.5,79762.9,80044.1,7.40618804
2026-09-05 17:00:00+00:00,80038.6,80157.5,80000.0,80056.8,4.03304879
2026-09-05 18:00:00+00:00,80075.9,80087.6,79944.0,79998.2,3.35778096
2026-09-05 19:00:00+00:00,79970.8,79983.6,79708.7,79746.2,7.71492218
2026-09-05 20:00:00+00:00,79758.5,79843.7,79707.7,79781.4,2.92705579
2026-09-05 21:00:00+00:00,79741.0,79931.1,79730.6,79894.7,1.20672976
2026-09-05 22:00:00+00:00,79928.0,79968.7,79757.1,79789.6,10.68729111
2026-09-05 23:00:00+00:00,79785.5,79892.3,79729.8,79828.7,0.95304453
2026-09-06 00:00:00+00:00,79831.1,79931.1,79831.1,79886.1,0.68667182
2026-09-06 01:00:00+00:00,79891.4,80047.7,79891.4,79941.6,1.94558699
2026-09-06 02:00:00+00:00,79985.6,79985.6,79876.4,79905.7,0.39554032
2026-09-06 03:00:00+00:00,79911.5,80071.7,79908.0,80033.2,1.30833002
2026-09-06 04:00:00+00:00,80031.9,80034.5,79869.1,79870.2,1.22399203
2026-09-06 05:00:00+00:00,79892.2,80093.1,79802.6,79957.1,0.64236376
2026-09-06 06:00:00+00:00,79951.8,79980.2,79721.9,79766.8,0.69452806
2026-09-06 07:00:00+00:00,79786.8,79852.6,79592.4,79812.8,0.52054
2026-09-06 08:00:00+00:00,79802.7,79881.9,79761.6,79845.0,0.51869385
2026-09-06 09:00:00+00:00,79850.1,79992.3,79822.3,79873.8,1.57063842
2026-09-06 10:00:00+00:00,79904.1,80019.1,79902.4,80002.3,0.27123873
2026-09-06 11:00:00+00:00,79997.2,80001.9,79904.0,79919.4,1.57015208
2026-09-06 12:00:00+00:00,79922.5,80005.7,79862.8,79925.1,1.31960725
2026-09-06 13:00:00+00:00,79892.7,79961.8,79780.2,79830.3,0.59703447
2026-09-06 14:00:00+00:00,79817.7,79838.1,79260.7,79544.7,37.45275869
2026-09-06 15:00:00+00:00,79495.8,79723.6,79409.0,79711.7,1.13638665
2026-09-06 16:00:00+00:00,79711.9,79769.5,79602.0,79685.7,0.69718254
2026-09-06 17:00:00+00:00,79676.1,79770.8,79596.3,79763.1,1.65634727
2026-09-06 18:00:00+00:00,79751.0,79960.0,79746.3,79934.8,0.31276326
2026-09-06 19:00:00+00:00,79959.1,79959.1,79796.5,79832.1,1.30901637
2026-09-06 20:00:00+00:00,79830.3,79961.6,79793.9,79900.0,12.63444973
2026-09-06 21:00:00+00:00,79961.5,80032.0,79875.1,79946.0,18.06206678
2026-09-06 22:00:00+00:00,79946.1,80087.9,79671.8,80053.8,7.86944689
2026-09-06 23:00:00+00:00,80047.8,80536.3,80036.6,80349.6,11.58681636
2026-09-07 00:00:00+00:00,80356.3,80470.4,80079.3,80133.0,9.2024828
2026-09-07 01:00:00+00:00,80153.7,80241.0,79861.0,79955.0,4.43403824
2026-09-07 02:00:00+00:00,79942.3,80417.7,79805.6,79863.8,0.69683311
2026-09-07 03:00:00+00:00,79872.8,79990.0,79603.5,79676.8,1.48849
2026-09-07 04:00:00+00:00,79587.8,79720.3,79564.6,79716.0,2.10309384
2026-09-07 05:00:00+00:00,79724.5,79900.3,79684.1,79773.0,0.82652414
2026-09-07 06:00:00+00:00,79753.6,79819.4,79663.6,79670.0,2.25791636
2026-09-07 07:00:00+00:00,79670.0,79691.3,79020.2,79398.6,30.38180895
2026-09-07 08:00:00+00:00,79411.3,79535.5,79411.3,79435.8,2.65522514
2026-09-07 09:00:00+00:00,79442.1,79550.3,79299.1,79299.7,3.76110437
2026-09-07 10:00:00+00:00,79329.6,79450.0,79329.6,79350.7,6.90487651
2026-09-07 11:00:00+00:00,79367.2,79472.8,79287.5,79397.4,0.96960609
2026-09-07 12:00:00+00:00,79422.1,79618.0,79407.6,79618.0,3.95549985
2026-09-07 13:00:00+00:00,79601.7,79645.3,79326.0,79368.7,2.58281245
2026-09-07 14:00:00+00:00,79363.3,79396.9,78981.5,79220.4,4.12880373
2026-09-07 15:00:00+00:00,79193.4,79193.4,78700.0,78838.3,6.74042815
2026-09-07 16:00:00+00:00,78821.6,79025.8,78804.8,79024.2,7.91791222
2026-09-07 17:00:00+00:00,79028.6,79230.0,79020.2,79185.9,5.90972617
2026-09-07 18:00:00+00:00,79205.1,79237.7,79111.5,79202.8,0.57076271
2026-09-07 19:00:00+00:00,79182.9,79412.6,79152.8,79376.5,2.47851361
2026-09-07 20:00:00+00:00,79391.4,79391.4,79178.0,79241.7,0.81401958
2026-09-07 21:00:00+00:00,79233.6,79277.2,79169.8,79184.6,0.43300005
2026-09-07 22:00:00+00:00,79165.2,79214.0,78810.1,78969.9,3.97852415
2026-09-07 23:00:00+00:00,78962.0,79208.7,78962.0,79110.4,2.9617332
2026-09-08 00:00:00+00:00,79097.8,79303.2,78972.2,79303.2,2.45239855
2026-09-08 01:00:00+00:00,79315.0,79455.7,79270.5,79455.7,0.27314109
2026-09-08 02:00:00+00:00,79447.4,79483.2,78979.2,78979.2,1.70443311
2026-09-08 03:00:00+00:00,78943.8,79000.7,78743.3,78909.9,1.78869904
2026-09-08 04:00:00+00:00,78905.0,78926.5,78694.6,78711.3,1.85204201
2026-09-08 05:00:00+00:00,78688.8,78883.8,78562.8,78582.8,1.98635117
2026-09-08 06:00:00+00:00,78577.9,78644.0,78278.6,78337.9,4.45466121
2026-09-08 07:00:00+00:00,78328.9,78597.2,78193.1,78437.7,1.19435032
2026-09-08 08:00:00+00:00,78448.6,78544.4,78308.1,78412.7,2.76730682
2026-09-08 09:00:00+00:00,78434.7,78780.4,78347.8,78738.2,2.30303399
2026-09-08 10:00:00+00:00,78754.1,78972.4,78594.9,78594.9,10.88833699
2026-09-08 11:00:00+00:00,78557.1,78557.1,78283.1,78445.9,3.41412593
2026-09-08 12:00:00+00:00,78434.7,78456.2,78219.6,78427.0,1.63460727
2026-09-08 13:00:00+00:00,78434.0,78537.8,77653.3,77944.7,11.14879902
2026-09-08 14:00:00+00:00,77946.9,78602.8,77855.6,78566.4,6.82730026
2026-09-08 15:00:00+00:00,78582.9,78899.9,78457.4,78860.4,6.74776362
2026-09-08 16:00:00+00:00,78888.8,78945.6,78589.6,78730.6,21.29332903
2026-09-08 17:00:00+00:00,78766.5,78885.7,78515.2,78515.2,4.16830767
2026-09-08 18:00:00+00:00,78512.3,78793.6,78287.1,78457.8,15.45986758
2026-09-08 19:00:00+00:00,78457.8,78519.5,78334.4,78435.0,1.48174496
2026-09-08 20:00:00+00:00,78451.5,78613.0,78426.6,78496.0,0.94214206
2026-09-08 21:00:00+00:00,78490.2,78624.9,78405.8,78476.0,1.81024005
2026-09-08 22:00:00+00:00,78584.0,78652.5,78459.3,78535.0,1.71721937
2026-09-08 23:00:00+00:00,78563.5,78564.6,78424.3,78458.5,1.61180246
2026-09-09 00:00:00+00:00,78458.4,78794.9,78458.4,78782.6,0.69863984
2026-09-09 01:00:00+00:00,78778.4,78890.8,78641.3,78850.0,6.43984318
2026-09-09 02:00:00+00:00,78894.4,78913.1,78702.0,78743.4,2.59031673
2026-09-09 03:00:00+00:00,78715.5,78715.5,78557.2,78617.3,0.58765867
2026-09-09 04:00:00+00:00,78644.5,79211.9,78644.5,79165.9,3.56322722
2026-09-09 05:00:00+00:00,79122.8,79361.5,78859.4,78928.7,3.75509887
2026-09-09 06:00:00+00:00,78922.1,79275.7,78901.7,79166.0,0.3079067
2026-09-09 07:00:00+00:00,79162.7,79374.8,79162.7,79253.6,0.63913927
2026-09-09 08:00:00+00:00,79299.1,79748.3,79268.6,79701.0,8.33697738
2026-09-09 09:00:00+00:00,79712.3,79712.3,78915.9,78984.5,3.83253157
2026-09-09 10:00:00+00:00,78994.7,79175.4,78900.0,78917.7,9.07943605
2026-09-09 11:00:00+00:00,78953.1,79354.1,78758.0,79342.6,7.35344579
2026-09-09 12:00:00+00:00,79346.8,79650.0,79293.6,79623.0,6.00086623
2026-09-09 13:00:00+00:00,79567.0,79677.4,79102.0,79102.0,3.77925776
2026-09-09 14:00:00+00:00,79126.5,79401.0,78916.6,78955.1,3.73622117
2026-09-09 15:00:00+00:00,79048.9,79357.8,78094.6,78592.4,5.30917849
2026-09-09 16:00:00+00:00,78585.5,78920.9,78471.0,78795.2,3.17716228
2026-09-09 17:00:00+00:00,78785.8,78884.4,78670.5,78780.6,2.36735541
2026-09-09 18:00:00+00:00,78791.5,78791.5,78429.4,78429.4,2.4092953
2026-09-09 19:00:00+00:00,78395.8,78564.9,78155.2,78219.9,0.60305672
2026-09-09 20:00:00+00:00,78241.7,78324.3,77952.2,78322.6,4.47758173
2026-09-09 21:00:00+00:00,78314.8,78328.0,78001.2,78116.3,0.89035838
2026-09-09 22:00:00+00:00,78162.7,78168.4,77760.4,77916.1,9.90259211
2026-09-09 23:00:00+00:00,77960.0,78284.0,77960.0,78283.1,3.13049711
2026-09-10 00:00:00+00:00,78315.1,78350.7,78098.4,78178.6,1.89485568
2026-09-10 01:00:00+00:00,78180.9,78481.1,77977.9,78124.3,5.35232677
2026-09-10 02:00:00+00:00,78075.3,78347.6,77992.0,78347.3,1.67302534
2026-09-10 03:00:00+00:00,78361.5,78507.9,78282.9,78314.8,1.10023739
2026-09-10 04:00:00+00:00,78319.1,78424.6,78306.2,78395.8,0.41335764
2026-09-10 05:00:00+00:00,78403.0,78535.8,78277.5,78531.0,2.14462718
2026-09-10 06:00:00+00:00,78530.8,78530.8,78175.3,78418.4,3.44145594
2026-09-10 07:00:00+00:00,78409.5,78409.5,77941.0,78115.0,2.95504746
2026-09-10 08:00:00+00:00,78096.1,78167.0,78053.3,78111.6,0.87834652
2026-09-10 09:00:00+00:00,78105.9,78218.5,77966.8,77976.9,1.1866785
2026-09-10 10:00:00+00:00,77971.4,78035.8,77880.0,77914.8,1.90599606
2026-09-10 11:00:00+00:00,77864.3,78049.3,77710.6,77884.5,4.41944318
2026-09-10 12:00:00+00:00,77832.8,77934.4,76700.0,76881.5,24.76752189
2026-09-10 13:00:00+00:00,76900.0,77214.1,76752.8,77173.0,14.95372905
2026-09-10 14:00:00+00:00,77219.7,77433.1,76954.7,77400.6,7.23033886
2026-09-10 15:00:00+00:00,77350.0,77397.8,77109.8,77250.7,2.52727855
2026-09-10 16:00:00+00:00,77255.8,77299.9,76800.0,77201.9,5.34364656
2026-09-10 17:00:00+00:00,77163.7,77509.2,77135.2,77329.2,5.57493288
2026-09-10 18:00:00+00:00,77316.3,77316.3,77000.0,77204.8,2.57115613
2026-09-10 19:00:00+00:00,77228.7,77297.9,77084.4,77158.2,5.88205501
2026-09-10 20:00:00+00:00,77184.7,77349.0,77144.6,77244.0,0.12317508
2026-09-10 21:00:00+00:00,77283.6,77300.5,77129.2,77133.8,1.76319559
2026-09-10 22:00:00+00:00,77130.0,77135.2,77124.3,77124.3,0.03069859
2026-09-10 23:00:00+00:00,76863.0,76876.2,76336.3,76569.5,11.52489233
2026-09-11 00:00:00+00:00,76576.8,76870.4,76562.9,76814.2,3.52727175
2026-09-11 01:00:00+00:00,76905.8,77000.1,76685.3,76947.4,2.20650969
2026-09-11 02:00:00+00:00,76990.2,77000.1,76788.2,76838.2,1.2508542
2026-09-11 03:00:00+00:00,76850.2,76897.2,76707.7,76874.8,2.05631384
2026-09-11 04:00:00+00:00,76874.9,77191.8,76874.9,77133.7,1.97534907
2026-09-11 05:00:00+00:00,77092.6,77165.9,77068.2,77093.0,0.11662051
2026-09-11 06:00:00+00:00,77269.9,77402.8,77188.8,77292.5,1.68343529
2026-09-11 07:00:00+00:00,77292.2,77409.2,77219.3,77241.6,0.79664302
2026-09-11 08:00:00+00:00,77231.2,77492.9,77139.9,77372.0,3.85984288
2026-09-11 09:00:00+00:00,77370.2,77375.0,76907.3,76907.3,1.05197444
2026-09-11 10:00:00+00:00,77041.9,77161.0,76984.5,77019.6,3.30772191
2026-09-11 11:00:00+00:00,76987.3,77039.0,76771.2,77039.0,1.91769174
2026-09-11 12:00:00+00:00,77030.9,78130.5,76000.0,78025.4,34.80169123
2026-09-11 13:00:00+00:00,78041.5,78182.2,77276.1,78176.0,16.7646197
2026-09-11 14:00:00+00:00,79227.0,79887.3,78526.1,78840.0,10.74984368
2026-09-11 15:00:00+00:00,78733.1,78813.8,77333.3,77729.3,10.47797386
2026-09-11 16:00:00+00:00,77716.6,78019.4,77390.3,77921.8,5.42860285
2026-09-11 17:00:00+00:00,77965.0,77965.0,77726.7,77726.7,0.56143505
2026-09-11 18:00:00+00:00,77498.7,77498.7,76892.2,77062.8,2.73328257
2026-09-11 19:00:00+00:00,77061.6,77376.4,77060.1,77365.6,1.18154976
2026-09-11 20:00:00+00:00,77282.2,77475.5,77201.3,77349.9,7.11518575
2026-09-11 21:00:00+00:00,77324.8,77410.0,77083.3,77083.3,3.54028197
2026-09-11 22:00:00+00:00,77025.7,77025.7,76973.9,76973.9,0.1133373
2026-09-11 23:00:00+00:00,77133.3,77221.8,77131.4,77197.9,1.88914031
2026-09-12 00:00:00+00:00,77222.1,77300.5,77222.1,77285.2,0.96508127
2026-09-12 01:00:00+00:00,77284.9,77381.1,77265.1,77288.4,2.08657014
2026-09-12 02:00:00+00:00,77268.3,77328.8,77225.5,77235.6,1.8715586
2026-09-12 03:00:00+00:00,77260.6,77325.0,77236.7,77267.9,0.64754139
2026-09-12 04:00:00+00:00,77276.1,77308.0,77230.3,77276.8,0.2256446
